"PRICE TYPE","DATE","PERIOD","PRICE ($/MWh)","DEMAND (MW)"
"USEP","01 Jan 2009","1","62.63","3699.698"
"USEP","01 Jan 2009","2","62.58","3609.303"
"USEP","01 Jan 2009","3","62.54","3502.434"
"USEP","01 Jan 2009","4","62.61","3507.896"
"USEP","01 Jan 2009","5","62.54","3485.158"
"USEP","01 Jan 2009","6","61.63","3485.252"
"USEP","01 Jan 2009","7","65.58","3450.736"
"USEP","01 Jan 2009","8","65.37","3405.603"
"USEP","01 Jan 2009","9","61.69","3368.184"
"USEP","01 Jan 2009","10","58.55","3350.863"
"USEP","01 Jan 2009","11","58.40","3360.848"
"USEP","01 Jan 2009","12","60.14","3375.932"
"USEP","01 Jan 2009","13","60.16","3395.390"
"USEP","01 Jan 2009","14","60.16","3374.839"
"USEP","01 Jan 2009","15","58.44","3364.660"
"USEP","01 Jan 2009","16","60.16","3426.929"
"USEP","01 Jan 2009","17","58.45","3525.301"
"USEP","01 Jan 2009","18","62.56","3617.926"
"USEP","01 Jan 2009","19","63.74","3698.157"
"USEP","01 Jan 2009","20","64.65","3769.149"
"USEP","01 Jan 2009","21","64.55","3834.231"
"USEP","01 Jan 2009","22","64.61","3879.373"
"USEP","01 Jan 2009","23","66.58","3883.404"
"USEP","01 Jan 2009","24","64.60","3869.871"
"USEP","01 Jan 2009","25","64.59","3865.089"
"USEP","01 Jan 2009","26","64.59","3874.135"
"USEP","01 Jan 2009","27","64.59","3883.687"
"USEP","01 Jan 2009","28","64.59","3883.260"
"USEP","01 Jan 2009","29","59.55","3862.768"
"USEP","01 Jan 2009","30","59.53","3845.761"
"USEP","01 Jan 2009","31","59.47","3840.165"
"USEP","01 Jan 2009","32","59.46","3826.960"
"USEP","01 Jan 2009","33","59.46","3814.420"
"USEP","01 Jan 2009","34","59.46","3810.270"
"USEP","01 Jan 2009","35","59.49","3815.956"
"USEP","01 Jan 2009","36","59.55","3854.225"
"USEP","01 Jan 2009","37","61.52","3910.312"
"USEP","01 Jan 2009","38","201.17","4008.250"
"USEP","01 Jan 2009","39","145.74","4073.501"
"USEP","01 Jan 2009","40","76.85","4070.997"
"USEP","01 Jan 2009","41","67.53","4088.536"
"USEP","01 Jan 2009","42","67.53","4099.425"
"USEP","01 Jan 2009","43","67.52","4088.496"
"USEP","01 Jan 2009","44","64.50","4029.522"
"USEP","01 Jan 2009","45","61.66","3947.706"
"USEP","01 Jan 2009","46","59.57","3857.580"
"USEP","01 Jan 2009","47","59.50","3798.819"
"USEP","01 Jan 2009","48","59.50","3736.804"
"USEP","02 Jan 2009","1","59.59","3664.252"
"USEP","02 Jan 2009","2","59.42","3565.026"
"USEP","02 Jan 2009","3","59.23","3442.466"
"USEP","02 Jan 2009","4","59.20","3381.315"
"USEP","02 Jan 2009","5","57.47","3336.570"
"USEP","02 Jan 2009","6","59.22","3304.290"
"USEP","02 Jan 2009","7","57.40","3276.557"
"USEP","02 Jan 2009","8","55.73","3267.169"
"USEP","02 Jan 2009","9","55.44","3261.160"
"USEP","02 Jan 2009","10","54.38","3260.658"
"USEP","02 Jan 2009","11","54.39","3292.541"
"USEP","02 Jan 2009","12","51.15","3359.626"
"USEP","02 Jan 2009","13","54.44","3476.465"
"USEP","02 Jan 2009","14","54.44","3629.790"
"USEP","02 Jan 2009","15","57.46","3833.560"
"USEP","02 Jan 2009","16","59.18","4069.699"
"USEP","02 Jan 2009","17","60.57","4315.386"
"USEP","02 Jan 2009","18","57.46","4508.540"
"USEP","02 Jan 2009","19","57.55","4653.351"
"USEP","02 Jan 2009","20","59.56","4746.792"
"USEP","02 Jan 2009","21","60.59","4820.766"
"USEP","02 Jan 2009","22","61.61","4866.544"
"USEP","02 Jan 2009","23","61.61","4864.716"
"USEP","02 Jan 2009","24","60.59","4818.594"
"USEP","02 Jan 2009","25","59.59","4784.107"
"USEP","02 Jan 2009","26","60.59","4801.651"
"USEP","02 Jan 2009","27","61.56","4847.147"
"USEP","02 Jan 2009","28","61.61","4870.153"
"USEP","02 Jan 2009","29","61.61","4874.651"
"USEP","02 Jan 2009","30","61.56","4859.512"
"USEP","02 Jan 2009","31","61.62","4876.122"
"USEP","02 Jan 2009","32","61.61","4864.815"
"USEP","02 Jan 2009","33","61.57","4859.855"
"USEP","02 Jan 2009","34","60.60","4820.796"
"USEP","02 Jan 2009","35","59.58","4748.915"
"USEP","02 Jan 2009","36","57.55","4638.844"
"USEP","02 Jan 2009","37","57.54","4585.322"
"USEP","02 Jan 2009","38","59.54","4590.217"
"USEP","02 Jan 2009","39","58.30","4544.320"
"USEP","02 Jan 2009","40","58.29","4478.939"
"USEP","02 Jan 2009","41","59.47","4445.784"
"USEP","02 Jan 2009","42","64.62","4380.051"
"USEP","02 Jan 2009","43","61.55","4273.365"
"USEP","02 Jan 2009","44","59.58","4171.162"
"USEP","02 Jan 2009","45","61.48","4092.298"
"USEP","02 Jan 2009","46","61.47","3978.132"
"USEP","02 Jan 2009","47","59.46","3888.603"
"USEP","02 Jan 2009","48","56.44","3791.737"
"USEP","03 Jan 2009","1","55.42","3682.989"
"USEP","03 Jan 2009","2","60.49","3604.612"
"USEP","03 Jan 2009","3","60.50","3539.381"
"USEP","03 Jan 2009","4","58.51","3453.012"
"USEP","03 Jan 2009","5","56.22","3383.984"
"USEP","03 Jan 2009","6","56.40","3355.764"
"USEP","03 Jan 2009","7","56.35","3330.859"
"USEP","03 Jan 2009","8","56.18","3303.758"
"USEP","03 Jan 2009","9","55.39","3286.989"
"USEP","03 Jan 2009","10","55.39","3286.651"
"USEP","03 Jan 2009","11","49.79","3301.596"
"USEP","03 Jan 2009","12","55.39","3342.027"
"USEP","03 Jan 2009","13","54.38","3396.140"
"USEP","03 Jan 2009","14","54.44","3431.442"
"USEP","03 Jan 2009","15","55.40","3498.368"
"USEP","03 Jan 2009","16","60.49","3685.896"
"USEP","03 Jan 2009","17","56.40","3913.701"
"USEP","03 Jan 2009","18","59.53","4100.260"
"USEP","03 Jan 2009","19","61.47","4229.306"
"USEP","03 Jan 2009","20","66.73","4318.950"
"USEP","03 Jan 2009","21","78.73","4400.115"
"USEP","03 Jan 2009","22","83.20","4436.818"
"USEP","03 Jan 2009","23","83.06","4439.994"
"USEP","03 Jan 2009","24","88.79","4457.687"
"USEP","03 Jan 2009","25","83.06","4428.116"
"USEP","03 Jan 2009","26","63.82","4325.799"
"USEP","03 Jan 2009","27","61.56","4277.157"
"USEP","03 Jan 2009","28","61.55","4271.372"
"USEP","03 Jan 2009","29","61.50","4232.402"
"USEP","03 Jan 2009","30","59.53","4192.806"
"USEP","03 Jan 2009","31","59.48","4163.896"
"USEP","03 Jan 2009","32","59.42","4139.508"
"USEP","03 Jan 2009","33","58.48","4117.670"
"USEP","03 Jan 2009","34","58.48","4082.313"
"USEP","03 Jan 2009","35","58.47","4051.082"
"USEP","03 Jan 2009","36","58.45","4033.915"
"USEP","03 Jan 2009","37","58.43","4034.398"
"USEP","03 Jan 2009","38","59.49","4118.748"
"USEP","03 Jan 2009","39","68.35","4195.266"
"USEP","03 Jan 2009","40","82.22","4197.453"
"USEP","03 Jan 2009","41","73.45","4174.373"
"USEP","03 Jan 2009","42","61.58","4110.478"
"USEP","03 Jan 2009","43","61.58","4119.061"
"USEP","03 Jan 2009","44","61.46","4055.470"
"USEP","03 Jan 2009","45","59.56","3956.095"
"USEP","03 Jan 2009","46","58.50","3873.439"
"USEP","03 Jan 2009","47","56.53","3790.276"
"USEP","03 Jan 2009","48","56.37","3697.963"
"USEP","04 Jan 2009","1","64.54","3634.352"
"USEP","04 Jan 2009","2","64.44","3540.126"
"USEP","04 Jan 2009","3","63.21","3475.014"
"USEP","04 Jan 2009","4","63.13","3415.454"
"USEP","04 Jan 2009","5","58.43","3361.012"
"USEP","04 Jan 2009","6","55.41","3312.704"
"USEP","04 Jan 2009","7","55.30","3270.126"
"USEP","04 Jan 2009","8","54.62","3248.765"
"USEP","04 Jan 2009","9","55.30","3230.669"
"USEP","04 Jan 2009","10","55.31","3221.738"
"USEP","04 Jan 2009","11","55.31","3245.509"
"USEP","04 Jan 2009","12","55.39","3268.431"
"USEP","04 Jan 2009","13","56.97","3294.340"
"USEP","04 Jan 2009","14","56.87","3288.376"
"USEP","04 Jan 2009","15","56.40","3283.928"
"USEP","04 Jan 2009","16","60.06","3373.025"
"USEP","04 Jan 2009","17","63.19","3491.321"
"USEP","04 Jan 2009","18","64.55","3595.243"
"USEP","04 Jan 2009","19","66.60","3701.527"
"USEP","04 Jan 2009","20","68.60","3785.321"
"USEP","04 Jan 2009","21","66.55","3878.454"
"USEP","04 Jan 2009","22","66.62","3923.452"
"USEP","04 Jan 2009","23","68.59","3933.785"
"USEP","04 Jan 2009","24","68.59","3926.230"
"USEP","04 Jan 2009","25","68.60","3934.968"
"USEP","04 Jan 2009","26","71.33","3940.171"
"USEP","04 Jan 2009","27","71.33","3947.477"
"USEP","04 Jan 2009","28","71.33","3943.516"
"USEP","04 Jan 2009","29","71.32","3937.875"
"USEP","04 Jan 2009","30","71.32","3930.723"
"USEP","04 Jan 2009","31","71.32","3920.440"
"USEP","04 Jan 2009","32","71.18","3907.161"
"USEP","04 Jan 2009","33","68.64","3881.331"
"USEP","04 Jan 2009","34","66.63","3859.876"
"USEP","04 Jan 2009","35","66.63","3867.490"
"USEP","04 Jan 2009","36","68.65","3883.772"
"USEP","04 Jan 2009","37","71.32","3916.042"
"USEP","04 Jan 2009","38","72.34","4023.672"
"USEP","04 Jan 2009","39","72.99","4101.696"
"USEP","04 Jan 2009","40","93.68","4119.061"
"USEP","04 Jan 2009","41","93.63","4125.542"
"USEP","04 Jan 2009","42","98.76","4157.296"
"USEP","04 Jan 2009","43","83.43","4123.023"
"USEP","04 Jan 2009","44","72.36","4061.976"
"USEP","04 Jan 2009","45","72.25","3985.239"
"USEP","04 Jan 2009","46","71.29","3907.295"
"USEP","04 Jan 2009","47","64.62","3812.984"
"USEP","04 Jan 2009","48","64.60","3703.579"
"USEP","05 Jan 2009","1","62.24","3601.496"
"USEP","05 Jan 2009","2","61.60","3516.881"
"USEP","05 Jan 2009","3","59.55","3416.567"
"USEP","05 Jan 2009","4","57.57","3354.228"
"USEP","05 Jan 2009","5","57.47","3312.445"
"USEP","05 Jan 2009","6","55.38","3287.610"
"USEP","05 Jan 2009","7","50.11","3268.521"
"USEP","05 Jan 2009","8","47.71","3248.576"
"USEP","05 Jan 2009","9","43.52","3248.805"
"USEP","05 Jan 2009","10","43.52","3254.843"
"USEP","05 Jan 2009","11","46.72","3305.736"
"USEP","05 Jan 2009","12","48.82","3397.164"
"USEP","05 Jan 2009","13","53.83","3547.467"
"USEP","05 Jan 2009","14","57.51","3740.288"
"USEP","05 Jan 2009","15","62.20","4010.228"
"USEP","05 Jan 2009","16","63.43","4273.619"
"USEP","05 Jan 2009","17","64.31","4532.829"
"USEP","05 Jan 2009","18","57.49","4779.376"
"USEP","05 Jan 2009","19","59.55","4944.315"
"USEP","05 Jan 2009","20","65.63","5056.871"
"USEP","05 Jan 2009","21","77.77","5141.117"
"USEP","05 Jan 2009","22","82.55","5221.616"
"USEP","05 Jan 2009","23","79.98","5212.392"
"USEP","05 Jan 2009","24","77.78","5150.237"
"USEP","05 Jan 2009","25","77.69","5096.705"
"USEP","05 Jan 2009","26","77.73","5117.196"
"USEP","05 Jan 2009","27","81.78","5174.183"
"USEP","05 Jan 2009","28","88.82","5228.480"
"USEP","05 Jan 2009","29","88.83","5212.939"
"USEP","05 Jan 2009","30","78.77","5190.186"
"USEP","05 Jan 2009","31","78.76","5184.634"
"USEP","05 Jan 2009","32","78.76","5192.601"
"USEP","05 Jan 2009","33","91.84","5170.072"
"USEP","05 Jan 2009","34","77.74","5071.989"
"USEP","05 Jan 2009","35","65.61","4985.859"
"USEP","05 Jan 2009","36","59.54","4891.782"
"USEP","05 Jan 2009","37","57.49","4787.069"
"USEP","05 Jan 2009","38","59.53","4797.963"
"USEP","05 Jan 2009","39","78.57","4817.719"
"USEP","05 Jan 2009","40","66.50","4789.728"
"USEP","05 Jan 2009","41","61.31","4698.936"
"USEP","05 Jan 2009","42","69.52","4634.530"
"USEP","05 Jan 2009","43","65.65","4536.974"
"USEP","05 Jan 2009","44","64.41","4428.285"
"USEP","05 Jan 2009","45","64.30","4311.753"
"USEP","05 Jan 2009","46","63.49","4188.090"
"USEP","05 Jan 2009","47","63.49","4099.172"
"USEP","05 Jan 2009","48","63.37","3945.037"
"USEP","06 Jan 2009","1","68.52","3788.045"
"USEP","06 Jan 2009","2","65.47","3685.354"
"USEP","06 Jan 2009","3","64.32","3654.073"
"USEP","06 Jan 2009","4","63.39","3588.589"
"USEP","06 Jan 2009","5","63.35","3540.444"
"USEP","06 Jan 2009","6","63.32","3504.914"
"USEP","06 Jan 2009","7","62.28","3470.521"
"USEP","06 Jan 2009","8","62.19","3445.607"
"USEP","06 Jan 2009","9","60.85","3436.810"
"USEP","06 Jan 2009","10","62.28","3453.742"
"USEP","06 Jan 2009","11","63.33","3498.467"
"USEP","06 Jan 2009","12","63.39","3583.728"
"USEP","06 Jan 2009","13","63.44","3727.609"
"USEP","06 Jan 2009","14","65.52","3878.757"
"USEP","06 Jan 2009","15","64.36","4095.111"
"USEP","06 Jan 2009","16","68.57","4385.906"
"USEP","06 Jan 2009","17","73.40","4660.762"
"USEP","06 Jan 2009","18","68.59","4860.019"
"USEP","06 Jan 2009","19","66.62","4976.869"
"USEP","06 Jan 2009","20","68.63","5074.067"
"USEP","06 Jan 2009","21","82.62","5161.434"
"USEP","06 Jan 2009","22","90.89","5221.954"
"USEP","06 Jan 2009","23","90.86","5221.010"
"USEP","06 Jan 2009","24","82.60","5156.773"
"USEP","06 Jan 2009","25","78.76","5114.995"
"USEP","06 Jan 2009","26","82.61","5137.872"
"USEP","06 Jan 2009","27","90.85","5204.440"
"USEP","06 Jan 2009","28","90.90","5230.686"
"USEP","06 Jan 2009","29","90.87","5238.201"
"USEP","06 Jan 2009","30","87.34","5227.938"
"USEP","06 Jan 2009","31","83.77","5218.202"
"USEP","06 Jan 2009","32","90.89","5261.719"
"USEP","06 Jan 2009","33","101.97","5248.002"
"USEP","06 Jan 2009","34","109.26","5190.544"
"USEP","06 Jan 2009","35","91.87","5126.982"
"USEP","06 Jan 2009","36","68.64","4991.833"
"USEP","06 Jan 2009","37","68.63","4894.938"
"USEP","06 Jan 2009","38","93.05","4896.384"
"USEP","06 Jan 2009","39","91.70","4888.079"
"USEP","06 Jan 2009","40","78.60","4831.973"
"USEP","06 Jan 2009","41","67.16","4775.385"
"USEP","06 Jan 2009","42","90.84","4706.297"
"USEP","06 Jan 2009","43","92.29","4630.305"
"USEP","06 Jan 2009","44","98.31","4514.892"
"USEP","06 Jan 2009","45","90.81","4411.268"
"USEP","06 Jan 2009","46","82.79","4311.719"
"USEP","06 Jan 2009","47","66.48","4180.486"
"USEP","06 Jan 2009","48","62.44","3983.803"
"USEP","07 Jan 2009","1","66.48","3841.899"
"USEP","07 Jan 2009","2","65.43","3739.453"
"USEP","07 Jan 2009","3","63.88","3698.281"
"USEP","07 Jan 2009","4","63.03","3664.958"
"USEP","07 Jan 2009","5","56.39","3599.637"
"USEP","07 Jan 2009","6","53.37","3550.961"
"USEP","07 Jan 2009","7","50.81","3505.704"
"USEP","07 Jan 2009","8","48.00","3472.564"
"USEP","07 Jan 2009","9","46.99","3460.179"
"USEP","07 Jan 2009","10","51.80","3534.107"
"USEP","07 Jan 2009","11","55.90","3594.215"
"USEP","07 Jan 2009","12","58.68","3670.743"
"USEP","07 Jan 2009","13","65.45","3803.133"
"USEP","07 Jan 2009","14","66.50","3945.862"
"USEP","07 Jan 2009","15","73.90","4178.811"
"USEP","07 Jan 2009","16","66.48","4468.920"
"USEP","07 Jan 2009","17","66.60","4677.014"
"USEP","07 Jan 2009","18","65.54","4897.731"
"USEP","07 Jan 2009","19","66.62","5027.284"
"USEP","07 Jan 2009","20","68.62","5075.289"
"USEP","07 Jan 2009","21","85.84","5163.840"
"USEP","07 Jan 2009","22","87.68","5213.470"
"USEP","07 Jan 2009","23","89.26","5240.800"
"USEP","07 Jan 2009","24","86.61","5183.894"
"USEP","07 Jan 2009","25","85.84","5127.807"
"USEP","07 Jan 2009","26","86.68","5185.092"
"USEP","07 Jan 2009","27","91.92","5289.998"
"USEP","07 Jan 2009","28","96.97","5316.235"
"USEP","07 Jan 2009","29","96.97","5304.118"
"USEP","07 Jan 2009","30","94.92","5272.201"
"USEP","07 Jan 2009","31","91.93","5247.927"
"USEP","07 Jan 2009","32","91.92","5249.736"
"USEP","07 Jan 2009","33","91.92","5240.880"
"USEP","07 Jan 2009","34","89.22","5204.992"
"USEP","07 Jan 2009","35","78.76","5119.771"
"USEP","07 Jan 2009","36","73.66","4990.188"
"USEP","07 Jan 2009","37","73.60","4881.758"
"USEP","07 Jan 2009","38","73.64","4844.269"
"USEP","07 Jan 2009","39","73.69","4833.315"
"USEP","07 Jan 2009","40","73.71","4828.256"
"USEP","07 Jan 2009","41","75.49","4767.294"
"USEP","07 Jan 2009","42","99.91","4703.866"
"USEP","07 Jan 2009","43","98.23","4616.847"
"USEP","07 Jan 2009","44","85.66","4514.072"
"USEP","07 Jan 2009","45","77.67","4440.382"
"USEP","07 Jan 2009","46","73.51","4329.302"
"USEP","07 Jan 2009","47","69.26","4138.653"
"USEP","07 Jan 2009","48","66.05","4021.918"
"USEP","08 Jan 2009","1","77.59","3883.389"
"USEP","08 Jan 2009","2","73.53","3772.479"
"USEP","08 Jan 2009","3","63.47","3688.744"
"USEP","08 Jan 2009","4","56.41","3598.111"
"USEP","08 Jan 2009","5","55.92","3559.111"
"USEP","08 Jan 2009","6","51.81","3539.366"
"USEP","08 Jan 2009","7","51.80","3512.761"
"USEP","08 Jan 2009","8","50.79","3488.130"
"USEP","08 Jan 2009","9","50.04","3477.668"
"USEP","08 Jan 2009","10","50.80","3499.412"
"USEP","08 Jan 2009","11","54.14","3557.779"
"USEP","08 Jan 2009","12","61.28","3663.298"
"USEP","08 Jan 2009","13","69.35","3784.894"
"USEP","08 Jan 2009","14","77.58","3952.557"
"USEP","08 Jan 2009","15","82.98","4122.506"
"USEP","08 Jan 2009","16","73.49","4384.400"
"USEP","08 Jan 2009","17","73.65","4643.198"
"USEP","08 Jan 2009","18","73.66","4864.830"
"USEP","08 Jan 2009","19","74.70","5026.111"
"USEP","08 Jan 2009","20","77.77","5111.461"
"USEP","08 Jan 2009","21","78.79","5145.694"
"USEP","08 Jan 2009","22","85.83","5173.159"
"USEP","08 Jan 2009","23","88.88","5176.747"
"USEP","08 Jan 2009","24","85.83","5146.559"
"USEP","08 Jan 2009","25","77.78","5100.999"
"USEP","08 Jan 2009","26","78.85","5122.455"
"USEP","08 Jan 2009","27","85.84","5147.697"
"USEP","08 Jan 2009","28","88.86","5175.509"
"USEP","08 Jan 2009","29","88.87","5182.477"
"USEP","08 Jan 2009","30","85.92","5171.707"
"USEP","08 Jan 2009","31","85.84","5154.606"
"USEP","08 Jan 2009","32","85.84","5148.050"
"USEP","08 Jan 2009","33","85.83","5124.229"
"USEP","08 Jan 2009","34","77.76","5064.172"
"USEP","08 Jan 2009","35","70.66","4979.324"
"USEP","08 Jan 2009","36","70.65","4859.358"
"USEP","08 Jan 2009","37","70.65","4766.946"
"USEP","08 Jan 2009","38","70.64","4769.520"
"USEP","08 Jan 2009","39","70.69","4786.905"
"USEP","08 Jan 2009","40","72.72","4825.602"
"USEP","08 Jan 2009","41","70.64","4736.718"
"USEP","08 Jan 2009","42","89.17","4664.827"
"USEP","08 Jan 2009","43","73.40","4576.749"
"USEP","08 Jan 2009","44","74.40","4470.848"
"USEP","08 Jan 2009","45","74.61","4346.966"
"USEP","08 Jan 2009","46","74.59","4236.826"
"USEP","08 Jan 2009","47","68.44","4091.200"
"USEP","08 Jan 2009","48","63.47","3915.137"
"USEP","09 Jan 2009","1","68.29","3778.403"
"USEP","09 Jan 2009","2","63.34","3674.137"
"USEP","09 Jan 2009","3","57.00","3569.355"
"USEP","09 Jan 2009","4","52.68","3485.734"
"USEP","09 Jan 2009","5","52.71","3489.795"
"USEP","09 Jan 2009","6","53.37","3505.823"
"USEP","09 Jan 2009","7","52.07","3479.736"
"USEP","09 Jan 2009","8","51.84","3465.029"
"USEP","09 Jan 2009","9","51.79","3444.021"
"USEP","09 Jan 2009","10","51.84","3469.115"
"USEP","09 Jan 2009","11","56.41","3546.353"
"USEP","09 Jan 2009","12","63.35","3653.049"
"USEP","09 Jan 2009","13","68.45","3773.965"
"USEP","09 Jan 2009","14","71.55","3903.955"
"USEP","09 Jan 2009","15","74.60","4079.888"
"USEP","09 Jan 2009","16","70.51","4354.833"
"USEP","09 Jan 2009","17","70.67","4631.876"
"USEP","09 Jan 2009","18","70.56","4820.736"
"USEP","09 Jan 2009","19","70.64","4944.623"
"USEP","09 Jan 2009","20","71.71","5025.316"
"USEP","09 Jan 2009","21","85.84","5114.393"
"USEP","09 Jan 2009","22","92.20","5167.811"
"USEP","09 Jan 2009","23","92.20","5162.115"
"USEP","09 Jan 2009","24","85.91","5100.835"
"USEP","09 Jan 2009","25","83.13","5057.889"
"USEP","09 Jan 2009","26","85.83","5070.906"
"USEP","09 Jan 2009","27","89.64","5124.567"
"USEP","09 Jan 2009","28","93.93","5161.504"
"USEP","09 Jan 2009","29","98.03","5165.709"
"USEP","09 Jan 2009","30","91.89","5139.238"
"USEP","09 Jan 2009","31","89.63","5135.983"
"USEP","09 Jan 2009","32","89.62","5135.163"
"USEP","09 Jan 2009","33","87.12","5109.453"
"USEP","09 Jan 2009","34","78.74","5041.911"
"USEP","09 Jan 2009","35","70.66","4922.094"
"USEP","09 Jan 2009","36","68.69","4788.461"
"USEP","09 Jan 2009","37","68.56","4698.628"
"USEP","09 Jan 2009","38","70.58","4713.354"
"USEP","09 Jan 2009","39","70.58","4710.491"
"USEP","09 Jan 2009","40","70.58","4673.445"
"USEP","09 Jan 2009","41","68.52","4624.361"
"USEP","09 Jan 2009","42","73.59","4552.575"
"USEP","09 Jan 2009","43","71.53","4456.350"
"USEP","09 Jan 2009","44","71.43","4354.421"
"USEP","09 Jan 2009","45","70.48","4289.796"
"USEP","09 Jan 2009","46","67.50","4190.306"
"USEP","09 Jan 2009","47","62.94","4064.367"
"USEP","09 Jan 2009","48","62.95","3954.221"
"USEP","10 Jan 2009","1","68.69","3847.545"
"USEP","10 Jan 2009","2","73.57","3723.678"
"USEP","10 Jan 2009","3","71.59","3647.220"
"USEP","10 Jan 2009","4","69.56","3591.690"
"USEP","10 Jan 2009","5","67.40","3535.574"
"USEP","10 Jan 2009","6","69.38","3501.564"
"USEP","10 Jan 2009","7","66.45","3455.835"
"USEP","10 Jan 2009","8","66.45","3448.797"
"USEP","10 Jan 2009","9","67.39","3483.210"
"USEP","10 Jan 2009","10","66.45","3475.894"
"USEP","10 Jan 2009","11","67.39","3483.374"
"USEP","10 Jan 2009","12","69.41","3539.863"
"USEP","10 Jan 2009","13","71.47","3593.906"
"USEP","10 Jan 2009","14","71.51","3626.743"
"USEP","10 Jan 2009","15","71.56","3678.396"
"USEP","10 Jan 2009","16","73.63","3863.116"
"USEP","10 Jan 2009","17","71.60","4108.754"
"USEP","10 Jan 2009","18","73.58","4280.214"
"USEP","10 Jan 2009","19","85.61","4391.348"
"USEP","10 Jan 2009","20","91.83","4475.241"
"USEP","10 Jan 2009","21","99.63","4553.648"
"USEP","10 Jan 2009","22","99.64","4549.548"
"USEP","10 Jan 2009","23","96.22","4517.168"
"USEP","10 Jan 2009","24","99.52","4544.772"
"USEP","10 Jan 2009","25","99.51","4527.809"
"USEP","10 Jan 2009","26","98.24","4494.277"
"USEP","10 Jan 2009","27","91.66","4453.031"
"USEP","10 Jan 2009","28","89.48","4434.691"
"USEP","10 Jan 2009","29","88.88","4399.673"
"USEP","10 Jan 2009","30","73.64","4337.667"
"USEP","10 Jan 2009","31","73.63","4321.937"
"USEP","10 Jan 2009","32","73.61","4283.514"
"USEP","10 Jan 2009","33","71.57","4220.792"
"USEP","10 Jan 2009","34","70.71","4146.665"
"USEP","10 Jan 2009","35","69.52","4072.055"
"USEP","10 Jan 2009","36","67.55","4036.420"
"USEP","10 Jan 2009","37","69.54","4080.017"
"USEP","10 Jan 2009","38","73.59","4244.549"
"USEP","10 Jan 2009","39","73.64","4293.841"
"USEP","10 Jan 2009","40","73.64","4307.226"
"USEP","10 Jan 2009","41","73.64","4283.882"
"USEP","10 Jan 2009","42","73.59","4261.874"
"USEP","10 Jan 2009","43","71.63","4227.497"
"USEP","10 Jan 2009","44","70.78","4145.303"
"USEP","10 Jan 2009","45","71.63","4049.387"
"USEP","10 Jan 2009","46","71.55","3955.220"
"USEP","10 Jan 2009","47","69.59","3878.518"
"USEP","10 Jan 2009","48","67.41","3788.447"
"USEP","11 Jan 2009","1","70.60","3686.155"
"USEP","11 Jan 2009","2","70.58","3602.753"
"USEP","11 Jan 2009","3","68.58","3558.843"
"USEP","11 Jan 2009","4","66.41","3483.871"
"USEP","11 Jan 2009","5","68.29","3424.723"
"USEP","11 Jan 2009","6","62.73","3375.182"
"USEP","11 Jan 2009","7","57.43","3335.809"
"USEP","11 Jan 2009","8","54.11","3309.831"
"USEP","11 Jan 2009","9","51.82","3286.248"
"USEP","11 Jan 2009","10","51.79","3268.849"
"USEP","11 Jan 2009","11","51.79","3292.138"
"USEP","11 Jan 2009","12","58.09","3386.021"
"USEP","11 Jan 2009","13","66.33","3421.850"
"USEP","11 Jan 2009","14","68.46","3385.917"
"USEP","11 Jan 2009","15","68.36","3375.669"
"USEP","11 Jan 2009","16","66.46","3456.352"
"USEP","11 Jan 2009","17","70.59","3591.118"
"USEP","11 Jan 2009","18","72.38","3707.888"
"USEP","11 Jan 2009","19","73.59","3782.254"
"USEP","11 Jan 2009","20","73.64","3868.469"
"USEP","11 Jan 2009","21","70.53","3941.260"
"USEP","11 Jan 2009","22","72.46","3997.376"
"USEP","11 Jan 2009","23","73.56","4021.630"
"USEP","11 Jan 2009","24","70.61","3981.348"
"USEP","11 Jan 2009","25","70.56","3955.673"
"USEP","11 Jan 2009","26","70.58","3976.939"
"USEP","11 Jan 2009","27","73.56","4010.676"
"USEP","11 Jan 2009","28","73.54","4019.850"
"USEP","11 Jan 2009","29","73.59","4015.338"
"USEP","11 Jan 2009","30","73.59","4009.046"
"USEP","11 Jan 2009","31","73.00","4005.651"
"USEP","11 Jan 2009","32","70.54","3975.876"
"USEP","11 Jan 2009","33","70.53","3952.025"
"USEP","11 Jan 2009","34","70.52","3931.389"
"USEP","11 Jan 2009","35","70.51","3936.011"
"USEP","11 Jan 2009","36","70.53","3938.854"
"USEP","11 Jan 2009","37","70.55","3973.843"
"USEP","11 Jan 2009","38","73.65","4098.684"
"USEP","11 Jan 2009","39","85.61","4223.590"
"USEP","11 Jan 2009","40","86.62","4234.544"
"USEP","11 Jan 2009","41","82.84","4206.036"
"USEP","11 Jan 2009","42","82.84","4204.804"
"USEP","11 Jan 2009","43","82.84","4206.315"
"USEP","11 Jan 2009","44","74.28","4135.472"
"USEP","11 Jan 2009","45","73.58","4030.894"
"USEP","11 Jan 2009","46","70.52","3933.621"
"USEP","11 Jan 2009","47","68.33","3844.131"
"USEP","11 Jan 2009","48","66.48","3742.405"
"USEP","12 Jan 2009","1","70.61","3600.089"
"USEP","12 Jan 2009","2","66.43","3487.181"
"USEP","12 Jan 2009","3","63.43","3433.853"
"USEP","12 Jan 2009","4","60.72","3397.745"
"USEP","12 Jan 2009","5","56.37","3354.188"
"USEP","12 Jan 2009","6","51.83","3319.001"
"USEP","12 Jan 2009","7","51.82","3299.031"
"USEP","12 Jan 2009","8","51.12","3274.907"
"USEP","12 Jan 2009","9","43.50","3276.865"
"USEP","12 Jan 2009","10","45.68","3307.147"
"USEP","12 Jan 2009","11","50.79","3373.914"
"USEP","12 Jan 2009","12","56.87","3497.727"
"USEP","12 Jan 2009","13","63.97","3649.068"
"USEP","12 Jan 2009","14","72.26","3795.738"
"USEP","12 Jan 2009","15","72.37","4003.126"
"USEP","12 Jan 2009","16","66.42","4270.279"
"USEP","12 Jan 2009","17","73.59","4549.130"
"USEP","12 Jan 2009","18","73.58","4769.262"
"USEP","12 Jan 2009","19","73.67","4933.590"
"USEP","12 Jan 2009","20","74.66","5036.429"
"USEP","12 Jan 2009","21","77.76","5118.340"
"USEP","12 Jan 2009","22","89.30","5197.845"
"USEP","12 Jan 2009","23","90.88","5205.697"
"USEP","12 Jan 2009","24","85.81","5146.917"
"USEP","12 Jan 2009","25","77.74","5093.201"
"USEP","12 Jan 2009","26","85.79","5129.378"
"USEP","12 Jan 2009","27","85.80","5169.168"
"USEP","12 Jan 2009","28","85.82","5178.859"
"USEP","12 Jan 2009","29","90.88","5211.567"
"USEP","12 Jan 2009","30","90.88","5221.079"
"USEP","12 Jan 2009","31","91.89","5236.725"
"USEP","12 Jan 2009","32","90.84","5142.504"
"USEP","12 Jan 2009","33","88.32","5155.053"
"USEP","12 Jan 2009","34","85.82","5123.329"
"USEP","12 Jan 2009","35","77.74","5044.381"
"USEP","12 Jan 2009","36","74.64","4928.988"
"USEP","12 Jan 2009","37","73.66","4868.796"
"USEP","12 Jan 2009","38","73.65","4857.201"
"USEP","12 Jan 2009","39","73.65","4865.918"
"USEP","12 Jan 2009","40","73.89","4818.808"
"USEP","12 Jan 2009","41","74.68","4763.596"
"USEP","12 Jan 2009","42","99.90","4696.247"
"USEP","12 Jan 2009","43","90.81","4621.643"
"USEP","12 Jan 2009","44","88.13","4532.511"
"USEP","12 Jan 2009","45","91.68","4435.382"
"USEP","12 Jan 2009","46","91.66","4321.415"
"USEP","12 Jan 2009","47","72.54","4178.637"
"USEP","12 Jan 2009","48","61.74","3967.959"
"USEP","13 Jan 2009","1","73.85","3786.767"
"USEP","13 Jan 2009","2","62.69","3673.536"
"USEP","13 Jan 2009","3","57.54","3631.077"
"USEP","13 Jan 2009","4","55.90","3560.816"
"USEP","13 Jan 2009","5","51.79","3524.644"
"USEP","13 Jan 2009","6","51.79","3508.696"
"USEP","13 Jan 2009","7","50.79","3486.569"
"USEP","13 Jan 2009","8","50.79","3483.577"
"USEP","13 Jan 2009","9","48.10","3476.470"
"USEP","13 Jan 2009","10","51.79","3508.338"
"USEP","13 Jan 2009","11","56.38","3592.087"
"USEP","13 Jan 2009","12","66.46","3731.864"
"USEP","13 Jan 2009","13","77.59","3885.700"
"USEP","13 Jan 2009","14","88.15","3991.193"
"USEP","13 Jan 2009","15","106.59","4195.997"
"USEP","13 Jan 2009","16","77.66","4497.035"
"USEP","13 Jan 2009","17","99.93","4787.020"
"USEP","13 Jan 2009","18","77.69","4963.788"
"USEP","13 Jan 2009","19","78.10","5078.962"
"USEP","13 Jan 2009","20","91.87","5162.687"
"USEP","13 Jan 2009","21","91.88","5215.637"
"USEP","13 Jan 2009","22","95.20","5282.588"
"USEP","13 Jan 2009","23","101.93","5289.665"
"USEP","13 Jan 2009","24","94.17","5258.295"
"USEP","13 Jan 2009","25","93.90","5165.266"
"USEP","13 Jan 2009","26","94.78","5200.906"
"USEP","13 Jan 2009","27","115.80","5252.450"
"USEP","13 Jan 2009","28","115.82","5280.635"
"USEP","13 Jan 2009","29","115.82","5281.594"
"USEP","13 Jan 2009","30","115.84","5281.092"
"USEP","13 Jan 2009","31","125.90","5279.263"
"USEP","13 Jan 2009","32","125.90","5250.005"
"USEP","13 Jan 2009","33","98.52","5196.995"
"USEP","13 Jan 2009","34","92.45","5148.075"
"USEP","13 Jan 2009","35","87.47","5060.315"
"USEP","13 Jan 2009","36","74.69","4929.062"
"USEP","13 Jan 2009","37","74.67","4838.186"
"USEP","13 Jan 2009","38","86.94","4831.436"
"USEP","13 Jan 2009","39","91.68","4856.903"
"USEP","13 Jan 2009","40","86.93","4829.379"
"USEP","13 Jan 2009","41","78.72","4778.635"
"USEP","13 Jan 2009","42","93.70","4724.293"
"USEP","13 Jan 2009","43","91.65","4643.650"
"USEP","13 Jan 2009","44","85.62","4520.145"
"USEP","13 Jan 2009","45","73.40","4381.169"
"USEP","13 Jan 2009","46","72.52","4197.324"
"USEP","13 Jan 2009","47","70.49","4084.381"
"USEP","13 Jan 2009","48","64.37","3921.275"
"USEP","14 Jan 2009","1","74.47","3776.703"
"USEP","14 Jan 2009","2","64.27","3679.127"
"USEP","14 Jan 2009","3","63.33","3657.592"
"USEP","14 Jan 2009","4","62.27","3599.021"
"USEP","14 Jan 2009","5","58.16","3558.997"
"USEP","14 Jan 2009","6","56.38","3521.752"
"USEP","14 Jan 2009","7","55.72","3498.810"
"USEP","14 Jan 2009","8","51.81","3480.963"
"USEP","14 Jan 2009","9","51.81","3479.984"
"USEP","14 Jan 2009","10","56.38","3512.319"
"USEP","14 Jan 2009","11","62.29","3609.423"
"USEP","14 Jan 2009","12","66.46","3758.369"
"USEP","14 Jan 2009","13","77.52","3892.206"
"USEP","14 Jan 2009","14","77.64","3974.663"
"USEP","14 Jan 2009","15","86.90","4146.565"
"USEP","14 Jan 2009","16","74.59","4432.634"
"USEP","14 Jan 2009","17","77.64","4719.442"
"USEP","14 Jan 2009","18","77.65","4909.192"
"USEP","14 Jan 2009","19","74.69","5014.839"
"USEP","14 Jan 2009","20","74.71","5085.031"
"USEP","14 Jan 2009","21","85.84","5157.697"
"USEP","14 Jan 2009","22","89.31","5200.086"
"USEP","14 Jan 2009","23","91.92","5211.179"
"USEP","14 Jan 2009","24","91.92","5158.845"
"USEP","14 Jan 2009","25","91.89","5109.404"
"USEP","14 Jan 2009","26","87.86","5130.143"
"USEP","14 Jan 2009","27","94.24","5179.863"
"USEP","14 Jan 2009","28","100.06","5220.856"
"USEP","14 Jan 2009","29","112.13","5240.293"
"USEP","14 Jan 2009","30","112.11","5218.922"
"USEP","14 Jan 2009","31","105.84","5213.674"
"USEP","14 Jan 2009","32","100.02","5205.658"
"USEP","14 Jan 2009","33","106.03","5198.744"
"USEP","14 Jan 2009","34","99.98","5167.130"
"USEP","14 Jan 2009","35","91.90","5084.186"
"USEP","14 Jan 2009","36","74.68","4944.588"
"USEP","14 Jan 2009","37","73.68","4845.218"
"USEP","14 Jan 2009","38","73.67","4845.919"
"USEP","14 Jan 2009","39","74.69","4864.363"
"USEP","14 Jan 2009","40","86.14","4846.277"
"USEP","14 Jan 2009","41","78.71","4797.794"
"USEP","14 Jan 2009","42","94.13","4722.484"
"USEP","14 Jan 2009","43","90.46","4647.179"
"USEP","14 Jan 2009","44","89.12","4531.437"
"USEP","14 Jan 2009","45","73.55","4370.280"
"USEP","14 Jan 2009","46","71.51","4211.419"
"USEP","14 Jan 2009","47","70.50","4069.834"
"USEP","14 Jan 2009","48","66.45","3937.388"
"USEP","15 Jan 2009","1","72.20","3811.369"
"USEP","15 Jan 2009","2","64.25","3714.876"
"USEP","15 Jan 2009","3","63.35","3659.312"
"USEP","15 Jan 2009","4","61.61","3588.424"
"USEP","15 Jan 2009","5","56.40","3537.209"
"USEP","15 Jan 2009","6","56.30","3506.121"
"USEP","15 Jan 2009","7","52.09","3479.681"
"USEP","15 Jan 2009","8","51.80","3449.100"
"USEP","15 Jan 2009","9","51.80","3441.765"
"USEP","15 Jan 2009","10","52.10","3476.863"
"USEP","15 Jan 2009","11","58.85","3575.791"
"USEP","15 Jan 2009","12","64.31","3729.712"
"USEP","15 Jan 2009","13","77.55","3867.415"
"USEP","15 Jan 2009","14","77.61","3957.949"
"USEP","15 Jan 2009","15","83.02","4128.420"
"USEP","15 Jan 2009","16","74.57","4401.099"
"USEP","15 Jan 2009","17","75.44","4682.997"
"USEP","15 Jan 2009","18","74.65","4869.005"
"USEP","15 Jan 2009","19","74.67","4992.599"
"USEP","15 Jan 2009","20","74.72","5083.346"
"USEP","15 Jan 2009","21","85.86","5177.179"
"USEP","15 Jan 2009","22","88.88","5225.711"
"USEP","15 Jan 2009","23","88.88","5227.570"
"USEP","15 Jan 2009","24","83.17","5173.025"
"USEP","15 Jan 2009","25","85.84","5121.476"
"USEP","15 Jan 2009","26","87.89","5140.163"
"USEP","15 Jan 2009","27","94.30","5205.364"
"USEP","15 Jan 2009","28","124.00","5253.613"
"USEP","15 Jan 2009","29","130.89","5264.373"
"USEP","15 Jan 2009","30","105.10","5237.858"
"USEP","15 Jan 2009","31","94.27","5216.939"
"USEP","15 Jan 2009","32","92.47","5203.535"
"USEP","15 Jan 2009","33","98.55","5191.727"
"USEP","15 Jan 2009","34","92.51","5151.599"
"USEP","15 Jan 2009","35","86.14","5064.683"
"USEP","15 Jan 2009","36","74.64","4919.276"
"USEP","15 Jan 2009","37","73.62","4815.662"
"USEP","15 Jan 2009","38","73.66","4823.544"
"USEP","15 Jan 2009","39","73.70","4844.229"
"USEP","15 Jan 2009","40","73.71","4824.941"
"USEP","15 Jan 2009","41","73.65","4763.661"
"USEP","15 Jan 2009","42","91.71","4709.825"
"USEP","15 Jan 2009","43","86.14","4634.664"
"USEP","15 Jan 2009","44","74.63","4513.575"
"USEP","15 Jan 2009","45","73.54","4389.136"
"USEP","15 Jan 2009","46","72.58","4262.257"
"USEP","15 Jan 2009","47","68.41","4127.217"
"USEP","15 Jan 2009","48","64.28","3984.295"
"USEP","16 Jan 2009","1","77.61","3853.206"
"USEP","16 Jan 2009","2","71.46","3719.290"
"USEP","16 Jan 2009","3","56.87","3583.072"
"USEP","16 Jan 2009","4","55.88","3515.922"
"USEP","16 Jan 2009","5","52.55","3495.297"
"USEP","16 Jan 2009","6","53.56","3498.428"
"USEP","16 Jan 2009","7","56.66","3470.968"
"USEP","16 Jan 2009","8","56.36","3448.827"
"USEP","16 Jan 2009","9","55.88","3443.584"
"USEP","16 Jan 2009","10","56.63","3470.253"
"USEP","16 Jan 2009","11","61.70","3543.396"
"USEP","16 Jan 2009","12","65.74","3674.013"
"USEP","16 Jan 2009","13","77.54","3812.303"
"USEP","16 Jan 2009","14","84.34","3927.095"
"USEP","16 Jan 2009","15","88.43","4090.772"
"USEP","16 Jan 2009","16","74.57","4374.678"
"USEP","16 Jan 2009","17","77.68","4656.428"
"USEP","16 Jan 2009","18","73.67","4823.276"
"USEP","16 Jan 2009","19","73.69","4948.664"
"USEP","16 Jan 2009","20","74.66","5031.877"
"USEP","16 Jan 2009","21","77.74","5123.588"
"USEP","16 Jan 2009","22","85.85","5171.091"
"USEP","16 Jan 2009","23","85.84","5179.396"
"USEP","16 Jan 2009","24","81.80","5142.220"
"USEP","16 Jan 2009","25","75.73","5087.491"
"USEP","16 Jan 2009","26","83.20","5111.257"
"USEP","16 Jan 2009","27","88.50","5168.929"
"USEP","16 Jan 2009","28","89.29","5197.939"
"USEP","16 Jan 2009","29","91.90","5215.543"
"USEP","16 Jan 2009","30","93.91","5240.840"
"USEP","16 Jan 2009","31","91.91","5231.218"
"USEP","16 Jan 2009","32","88.86","5209.132"
"USEP","16 Jan 2009","33","86.14","5183.447"
"USEP","16 Jan 2009","34","85.82","5146.688"
"USEP","16 Jan 2009","35","74.70","5073.525"
"USEP","16 Jan 2009","36","73.66","4919.873"
"USEP","16 Jan 2009","37","73.62","4805.930"
"USEP","16 Jan 2009","38","73.67","4818.579"
"USEP","16 Jan 2009","39","73.70","4810.170"
"USEP","16 Jan 2009","40","73.67","4759.555"
"USEP","16 Jan 2009","41","73.61","4703.752"
"USEP","16 Jan 2009","42","93.72","4653.764"
"USEP","16 Jan 2009","43","91.70","4598.637"
"USEP","16 Jan 2009","44","86.14","4469.233"
"USEP","16 Jan 2009","45","80.86","4323.125"
"USEP","16 Jan 2009","46","80.85","4213.626"
"USEP","16 Jan 2009","47","70.47","4085.246"
"USEP","16 Jan 2009","48","61.12","3948.074"
"USEP","17 Jan 2009","1","75.66","3824.534"
"USEP","17 Jan 2009","2","79.30","3743.628"
"USEP","17 Jan 2009","3","76.25","3705.433"
"USEP","17 Jan 2009","4","73.60","3619.855"
"USEP","17 Jan 2009","5","73.50","3547.392"
"USEP","17 Jan 2009","6","71.50","3513.576"
"USEP","17 Jan 2009","7","71.46","3494.303"
"USEP","17 Jan 2009","8","69.40","3470.621"
"USEP","17 Jan 2009","9","69.40","3451.272"
"USEP","17 Jan 2009","10","69.37","3447.828"
"USEP","17 Jan 2009","11","69.40","3484.248"
"USEP","17 Jan 2009","12","73.52","3578.668"
"USEP","17 Jan 2009","13","73.61","3633.478"
"USEP","17 Jan 2009","14","73.61","3650.033"
"USEP","17 Jan 2009","15","73.62","3679.798"
"USEP","17 Jan 2009","16","75.31","3876.610"
"USEP","17 Jan 2009","17","73.60","4126.119"
"USEP","17 Jan 2009","18","75.51","4295.134"
"USEP","17 Jan 2009","19","83.57","4420.944"
"USEP","17 Jan 2009","20","98.76","4516.562"
"USEP","17 Jan 2009","21","135.74","4607.399"
"USEP","17 Jan 2009","22","145.81","4642.974"
"USEP","17 Jan 2009","23","145.80","4641.766"
"USEP","17 Jan 2009","24","135.75","4594.939"
"USEP","17 Jan 2009","25","115.98","4535.791"
"USEP","17 Jan 2009","26","103.73","4511.691"
"USEP","17 Jan 2009","27","97.44","4488.521"
"USEP","17 Jan 2009","28","97.37","4483.253"
"USEP","17 Jan 2009","29","88.78","4458.796"
"USEP","17 Jan 2009","30","85.64","4403.142"
"USEP","17 Jan 2009","31","79.59","4365.375"
"USEP","17 Jan 2009","32","78.52","4349.172"
"USEP","17 Jan 2009","33","74.55","4292.112"
"USEP","17 Jan 2009","34","73.65","4252.546"
"USEP","17 Jan 2009","35","73.63","4216.349"
"USEP","17 Jan 2009","36","73.58","4190.798"
"USEP","17 Jan 2009","37","73.59","4191.663"
"USEP","17 Jan 2009","38","73.68","4281.287"
"USEP","17 Jan 2009","39","85.41","4359.455"
"USEP","17 Jan 2009","40","85.41","4351.702"
"USEP","17 Jan 2009","41","80.67","4331.022"
"USEP","17 Jan 2009","42","80.62","4314.223"
"USEP","17 Jan 2009","43","78.07","4288.737"
"USEP","17 Jan 2009","44","73.68","4195.649"
"USEP","17 Jan 2009","45","73.61","4075.435"
"USEP","17 Jan 2009","46","73.65","3984.782"
"USEP","17 Jan 2009","47","73.56","3911.365"
"USEP","17 Jan 2009","48","73.54","3815.613"
"USEP","18 Jan 2009","1","73.67","3735.134"
"USEP","18 Jan 2009","2","73.61","3675.275"
"USEP","18 Jan 2009","3","72.29","3606.431"
"USEP","18 Jan 2009","4","70.56","3528.601"
"USEP","18 Jan 2009","5","68.42","3481.087"
"USEP","18 Jan 2009","6","68.38","3434.464"
"USEP","18 Jan 2009","7","66.35","3406.363"
"USEP","18 Jan 2009","8","63.98","3385.380"
"USEP","18 Jan 2009","9","63.43","3372.587"
"USEP","18 Jan 2009","10","63.99","3388.526"
"USEP","18 Jan 2009","11","65.77","3415.985"
"USEP","18 Jan 2009","12","68.37","3464.120"
"USEP","18 Jan 2009","13","68.44","3489.551"
"USEP","18 Jan 2009","14","68.37","3450.686"
"USEP","18 Jan 2009","15","66.36","3419.196"
"USEP","18 Jan 2009","16","68.52","3498.035"
"USEP","18 Jan 2009","17","73.61","3621.629"
"USEP","18 Jan 2009","18","75.28","3707.640"
"USEP","18 Jan 2009","19","76.64","3805.991"
"USEP","18 Jan 2009","20","97.83","3983.559"
"USEP","18 Jan 2009","21","85.57","4088.710"
"USEP","18 Jan 2009","22","85.57","4106.984"
"USEP","18 Jan 2009","23","85.57","4085.181"
"USEP","18 Jan 2009","24","82.87","4078.556"
"USEP","18 Jan 2009","25","76.61","4043.751"
"USEP","18 Jan 2009","26","77.98","4074.530"
"USEP","18 Jan 2009","27","85.57","4128.947"
"USEP","18 Jan 2009","28","85.57","4102.397"
"USEP","18 Jan 2009","29","85.57","4099.331"
"USEP","18 Jan 2009","30","85.56","4086.051"
"USEP","18 Jan 2009","31","82.80","4078.342"
"USEP","18 Jan 2009","32","76.66","4060.306"
"USEP","18 Jan 2009","33","74.41","4032.797"
"USEP","18 Jan 2009","34","74.23","4017.495"
"USEP","18 Jan 2009","35","74.23","4013.275"
"USEP","18 Jan 2009","36","74.41","4027.768"
"USEP","18 Jan 2009","37","76.68","4075.519"
"USEP","18 Jan 2009","38","85.60","4165.049"
"USEP","18 Jan 2009","39","93.91","4260.731"
"USEP","18 Jan 2009","40","98.08","4296.307"
"USEP","18 Jan 2009","41","99.62","4300.447"
"USEP","18 Jan 2009","42","100.15","4307.812"
"USEP","18 Jan 2009","43","97.92","4293.156"
"USEP","18 Jan 2009","44","89.02","4197.781"
"USEP","18 Jan 2009","45","76.69","4077.249"
"USEP","18 Jan 2009","46","74.17","3975.130"
"USEP","18 Jan 2009","47","73.63","3882.852"
"USEP","18 Jan 2009","48","78.32","3774.631"
"USEP","19 Jan 2009","1","70.59","3668.362"
"USEP","19 Jan 2009","2","70.48","3587.888"
"USEP","19 Jan 2009","3","66.37","3526.727"
"USEP","19 Jan 2009","4","65.99","3464.811"
"USEP","19 Jan 2009","5","64.21","3408.093"
"USEP","19 Jan 2009","6","64.17","3363.681"
"USEP","19 Jan 2009","7","64.17","3356.569"
"USEP","19 Jan 2009","8","64.16","3347.986"
"USEP","19 Jan 2009","9","63.49","3342.762"
"USEP","19 Jan 2009","10","63.27","3371.991"
"USEP","19 Jan 2009","11","64.44","3438.335"
"USEP","19 Jan 2009","12","68.35","3587.669"
"USEP","19 Jan 2009","13","73.55","3753.766"
"USEP","19 Jan 2009","14","73.60","3883.160"
"USEP","19 Jan 2009","15","73.66","4061.245"
"USEP","19 Jan 2009","16","73.65","4338.169"
"USEP","19 Jan 2009","17","79.27","4633.665"
"USEP","19 Jan 2009","18","73.64","4835.154"
"USEP","19 Jan 2009","19","75.58","4986.515"
"USEP","19 Jan 2009","20","77.95","5103.782"
"USEP","19 Jan 2009","21","87.61","5171.777"
"USEP","19 Jan 2009","22","90.89","5224.623"
"USEP","19 Jan 2009","23","90.92","5227.590"
"USEP","19 Jan 2009","24","77.74","5170.833"
"USEP","19 Jan 2009","25","77.71","5143.259"
"USEP","19 Jan 2009","26","83.79","5161.385"
"USEP","19 Jan 2009","27","82.94","5219.022"
"USEP","19 Jan 2009","28","93.47","5258.916"
"USEP","19 Jan 2009","29","93.79","5277.186"
"USEP","19 Jan 2009","30","100.94","5265.690"
"USEP","19 Jan 2009","31","98.06","5236.014"
"USEP","19 Jan 2009","32","93.78","5225.647"
"USEP","19 Jan 2009","33","100.98","5220.806"
"USEP","19 Jan 2009","34","98.93","5184.754"
"USEP","19 Jan 2009","35","89.55","5106.282"
"USEP","19 Jan 2009","36","74.64","4972.237"
"USEP","19 Jan 2009","37","73.61","4873.701"
"USEP","19 Jan 2009","38","73.60","4870.292"
"USEP","19 Jan 2009","39","73.68","4877.608"
"USEP","19 Jan 2009","40","73.61","4848.652"
"USEP","19 Jan 2009","41","73.64","4784.758"
"USEP","19 Jan 2009","42","89.57","4718.990"
"USEP","19 Jan 2009","43","99.92","4647.124"
"USEP","19 Jan 2009","44","77.98","4538.972"
"USEP","19 Jan 2009","45","69.81","4398.609"
"USEP","19 Jan 2009","46","86.10","4246.269"
"USEP","19 Jan 2009","47","74.47","4110.120"
"USEP","19 Jan 2009","48","67.37","3982.486"
"USEP","20 Jan 2009","1","77.71","3868.146"
"USEP","20 Jan 2009","2","77.53","3784.088"
"USEP","20 Jan 2009","3","71.46","3680.956"
"USEP","20 Jan 2009","4","66.01","3603.235"
"USEP","20 Jan 2009","5","63.76","3563.107"
"USEP","20 Jan 2009","6","63.47","3524.863"
"USEP","20 Jan 2009","7","63.47","3510.753"
"USEP","20 Jan 2009","8","61.37","3494.183"
"USEP","20 Jan 2009","9","61.25","3486.356"
"USEP","20 Jan 2009","10","63.47","3519.998"
"USEP","20 Jan 2009","11","63.97","3596.262"
"USEP","20 Jan 2009","12","74.41","3730.089"
"USEP","20 Jan 2009","13","77.54","3859.354"
"USEP","20 Jan 2009","14","77.67","3971.766"
"USEP","20 Jan 2009","15","79.25","4132.068"
"USEP","20 Jan 2009","16","74.54","4400.577"
"USEP","20 Jan 2009","17","74.18","4675.766"
"USEP","20 Jan 2009","18","73.58","4856.127"
"USEP","20 Jan 2009","19","73.67","4977.127"
"USEP","20 Jan 2009","20","74.68","5083.669"
"USEP","20 Jan 2009","21","92.20","5177.309"
"USEP","20 Jan 2009","22","94.96","5216.641"
"USEP","20 Jan 2009","23","98.28","5224.032"
"USEP","20 Jan 2009","24","92.18","5168.551"
"USEP","20 Jan 2009","25","90.89","5122.375"
"USEP","20 Jan 2009","26","92.26","5141.639"
"USEP","20 Jan 2009","27","95.77","5214.509"
"USEP","20 Jan 2009","28","99.67","5266.600"
"USEP","20 Jan 2009","29","99.67","5275.372"
"USEP","20 Jan 2009","30","98.76","5257.564"
"USEP","20 Jan 2009","31","98.72","5249.468"
"USEP","20 Jan 2009","32","98.76","5244.563"
"USEP","20 Jan 2009","33","94.95","5217.690"
"USEP","20 Jan 2009","34","90.86","5159.958"
"USEP","20 Jan 2009","35","84.53","5089.981"
"USEP","20 Jan 2009","36","74.68","4957.461"
"USEP","20 Jan 2009","37","73.68","4842.251"
"USEP","20 Jan 2009","38","74.58","4833.867"
"USEP","20 Jan 2009","39","86.08","4854.716"
"USEP","20 Jan 2009","40","78.69","4830.974"
"USEP","20 Jan 2009","41","74.65","4764.814"
"USEP","20 Jan 2009","42","89.45","4704.363"
"USEP","20 Jan 2009","43","89.45","4618.571"
"USEP","20 Jan 2009","44","82.95","4494.957"
"USEP","20 Jan 2009","45","74.65","4340.038"
"USEP","20 Jan 2009","46","74.68","4193.408"
"USEP","20 Jan 2009","47","74.65","4075.847"
"USEP","20 Jan 2009","48","70.46","3940.276"
"USEP","21 Jan 2009","1","76.25","3841.189"
"USEP","21 Jan 2009","2","74.53","3757.424"
"USEP","21 Jan 2009","3","70.49","3645.575"
"USEP","21 Jan 2009","4","64.00","3579.101"
"USEP","21 Jan 2009","5","59.39","3538.461"
"USEP","21 Jan 2009","6","56.23","3499.327"
"USEP","21 Jan 2009","7","52.22","3466.729"
"USEP","21 Jan 2009","8","52.02","3453.474"
"USEP","21 Jan 2009","9","52.20","3457.008"
"USEP","21 Jan 2009","10","52.81","3479.472"
"USEP","21 Jan 2009","11","63.98","3562.019"
"USEP","21 Jan 2009","12","74.44","3693.282"
"USEP","21 Jan 2009","13","77.54","3828.038"
"USEP","21 Jan 2009","14","77.68","3917.066"
"USEP","21 Jan 2009","15","88.24","4088.859"
"USEP","21 Jan 2009","16","76.65","4355.927"
"USEP","21 Jan 2009","17","77.70","4643.019"
"USEP","21 Jan 2009","18","76.24","4836.168"
"USEP","21 Jan 2009","19","74.69","4949.379"
"USEP","21 Jan 2009","20","77.92","5040.996"
"USEP","21 Jan 2009","21","86.03","5120.740"
"USEP","21 Jan 2009","22","88.86","5168.561"
"USEP","21 Jan 2009","23","89.63","5171.046"
"USEP","21 Jan 2009","24","86.11","5104.702"
"USEP","21 Jan 2009","25","78.73","5049.759"
"USEP","21 Jan 2009","26","83.06","5070.757"
"USEP","21 Jan 2009","27","88.86","5157.757"
"USEP","21 Jan 2009","28","93.93","5213.480"
"USEP","21 Jan 2009","29","94.64","5246.869"
"USEP","21 Jan 2009","30","90.90","5224.593"
"USEP","21 Jan 2009","31","90.89","5204.574"
"USEP","21 Jan 2009","32","90.89","5208.152"
"USEP","21 Jan 2009","33","90.89","5231.835"
"USEP","21 Jan 2009","34","89.22","5177.676"
"USEP","21 Jan 2009","35","78.73","5089.538"
"USEP","21 Jan 2009","36","74.68","4949.096"
"USEP","21 Jan 2009","37","76.23","4884.203"
"USEP","21 Jan 2009","38","74.68","4870.202"
"USEP","21 Jan 2009","39","87.58","4889.546"
"USEP","21 Jan 2009","40","87.60","4868.870"
"USEP","21 Jan 2009","41","83.64","4815.582"
"USEP","21 Jan 2009","42","87.56","4737.469"
"USEP","21 Jan 2009","43","74.67","4620.693"
"USEP","21 Jan 2009","44","71.43","4449.030"
"USEP","21 Jan 2009","45","76.25","4291.168"
"USEP","21 Jan 2009","46","84.66","4162.092"
"USEP","21 Jan 2009","47","82.74","4033.632"
"USEP","21 Jan 2009","48","74.56","3925.410"
"USEP","22 Jan 2009","1","74.56","3819.962"
"USEP","22 Jan 2009","2","71.54","3719.429"
"USEP","22 Jan 2009","3","60.73","3601.754"
"USEP","22 Jan 2009","4","55.76","3549.475"
"USEP","22 Jan 2009","5","51.58","3500.291"
"USEP","22 Jan 2009","6","47.53","3454.841"
"USEP","22 Jan 2009","7","35.53","3427.685"
"USEP","22 Jan 2009","8","35.19","3410.747"
"USEP","22 Jan 2009","9","35.20","3406.846"
"USEP","22 Jan 2009","10","35.15","3431.715"
"USEP","22 Jan 2009","11","35.15","3507.389"
"USEP","22 Jan 2009","12","58.28","3639.561"
"USEP","22 Jan 2009","13","74.49","3777.950"
"USEP","22 Jan 2009","14","74.53","3881.908"
"USEP","22 Jan 2009","15","76.84","4034.368"
"USEP","22 Jan 2009","16","74.54","4305.069"
"USEP","22 Jan 2009","17","74.86","4581.908"
"USEP","22 Jan 2009","18","73.70","4782.129"
"USEP","22 Jan 2009","19","73.73","4904.441"
"USEP","22 Jan 2009","20","76.37","4994.269"
"USEP","22 Jan 2009","21","83.80","5067.114"
"USEP","22 Jan 2009","22","86.84","5111.585"
"USEP","22 Jan 2009","23","86.83","5109.990"
"USEP","22 Jan 2009","24","84.81","5075.021"
"USEP","22 Jan 2009","25","83.80","5039.182"
"USEP","22 Jan 2009","26","86.14","5079.673"
"USEP","22 Jan 2009","27","88.84","5155.555"
"USEP","22 Jan 2009","28","91.65","5200.409"
"USEP","22 Jan 2009","29","91.65","5198.476"
"USEP","22 Jan 2009","30","88.86","5172.045"
"USEP","22 Jan 2009","31","88.40","5161.101"
"USEP","22 Jan 2009","32","88.40","5158.348"
"USEP","22 Jan 2009","33","88.39","5157.622"
"USEP","22 Jan 2009","34","87.64","5130.685"
"USEP","22 Jan 2009","35","83.80","5041.777"
"USEP","22 Jan 2009","36","74.66","4899.570"
"USEP","22 Jan 2009","37","73.72","4793.307"
"USEP","22 Jan 2009","38","74.70","4793.287"
"USEP","22 Jan 2009","39","74.71","4802.988"
"USEP","22 Jan 2009","40","74.67","4774.500"
"USEP","22 Jan 2009","41","73.75","4718.826"
"USEP","22 Jan 2009","42","86.74","4654.947"
"USEP","22 Jan 2009","43","85.65","4579.249"
"USEP","22 Jan 2009","44","76.34","4454.119"
"USEP","22 Jan 2009","45","72.60","4310.894"
"USEP","22 Jan 2009","46","73.70","4191.330"
"USEP","22 Jan 2009","47","74.54","4108.714"
"USEP","22 Jan 2009","48","81.30","3957.596"
"USEP","23 Jan 2009","1","101.83","3804.137"
"USEP","23 Jan 2009","2","92.07","3694.609"
"USEP","23 Jan 2009","3","77.46","3563.008"
"USEP","23 Jan 2009","4","74.46","3510.122"
"USEP","23 Jan 2009","5","74.43","3480.923"
"USEP","23 Jan 2009","6","71.49","3462.987"
"USEP","23 Jan 2009","7","68.50","3431.119"
"USEP","23 Jan 2009","8","68.51","3433.718"
"USEP","23 Jan 2009","9","71.40","3458.176"
"USEP","23 Jan 2009","10","71.41","3463.305"
"USEP","23 Jan 2009","11","77.45","3542.710"
"USEP","23 Jan 2009","12","91.07","3680.101"
"USEP","23 Jan 2009","13","84.01","3779.730"
"USEP","23 Jan 2009","14","96.93","3845.503"
"USEP","23 Jan 2009","15","101.45","4010.924"
"USEP","23 Jan 2009","16","74.54","4267.421"
"USEP","23 Jan 2009","17","74.64","4534.345"
"USEP","23 Jan 2009","18","86.17","4721.679"
"USEP","23 Jan 2009","19","77.74","4838.489"
"USEP","23 Jan 2009","20","88.75","4919.709"
"USEP","23 Jan 2009","21","92.01","4993.036"
"USEP","23 Jan 2009","22","87.63","5036.096"
"USEP","23 Jan 2009","23","87.63","5035.688"
"USEP","23 Jan 2009","24","74.68","4985.879"
"USEP","23 Jan 2009","25","74.68","4970.666"
"USEP","23 Jan 2009","26","76.52","5013.696"
"USEP","23 Jan 2009","27","88.86","5083.937"
"USEP","23 Jan 2009","28","89.69","5119.165"
"USEP","23 Jan 2009","29","104.70","5111.178"
"USEP","23 Jan 2009","30","94.81","5076.910"
"USEP","23 Jan 2009","31","98.90","5048.059"
"USEP","23 Jan 2009","32","96.36","5047.129"
"USEP","23 Jan 2009","33","106.04","5078.281"
"USEP","23 Jan 2009","34","97.06","5028.378"
"USEP","23 Jan 2009","35","73.68","4841.282"
"USEP","23 Jan 2009","36","71.48","4611.489"
"USEP","23 Jan 2009","37","71.46","4474.690"
"USEP","23 Jan 2009","38","73.56","4555.736"
"USEP","23 Jan 2009","39","74.60","4622.438"
"USEP","23 Jan 2009","40","74.59","4601.340"
"USEP","23 Jan 2009","41","73.56","4531.263"
"USEP","23 Jan 2009","42","112.15","4465.147"
"USEP","23 Jan 2009","43","103.76","4375.827"
"USEP","23 Jan 2009","44","108.04","4259.871"
"USEP","23 Jan 2009","45","104.69","4137.684"
"USEP","23 Jan 2009","46","74.52","4032.216"
"USEP","23 Jan 2009","47","70.42","3947.542"
"USEP","23 Jan 2009","48","70.45","3872.460"
"USEP","24 Jan 2009","1","73.56","3799.242"
"USEP","24 Jan 2009","2","201.19","3724.856"
"USEP","24 Jan 2009","3","201.39","3625.461"
"USEP","24 Jan 2009","4","122.26","3545.787"
"USEP","24 Jan 2009","5","112.66","3490.759"
"USEP","24 Jan 2009","6","101.55","3446.700"
"USEP","24 Jan 2009","7","96.51","3400.827"
"USEP","24 Jan 2009","8","87.65","3366.300"
"USEP","24 Jan 2009","9","85.89","3357.608"
"USEP","24 Jan 2009","10","91.37","3370.873"
"USEP","24 Jan 2009","11","98.80","3426.214"
"USEP","24 Jan 2009","12","122.33","3499.670"
"USEP","24 Jan 2009","13","201.53","3564.171"
"USEP","24 Jan 2009","14","126.83","3563.152"
"USEP","24 Jan 2009","15","108.76","3569.901"
"USEP","24 Jan 2009","16","146.98","3743.240"
"USEP","24 Jan 2009","17","78.62","3953.073"
"USEP","24 Jan 2009","18","74.18","4058.427"
"USEP","24 Jan 2009","19","74.18","4094.534"
"USEP","24 Jan 2009","20","86.37","4133.479"
"USEP","24 Jan 2009","21","95.63","4210.400"
"USEP","24 Jan 2009","22","99.61","4254.817"
"USEP","24 Jan 2009","23","98.73","4244.529"
"USEP","24 Jan 2009","24","99.87","4219.863"
"USEP","24 Jan 2009","25","98.69","4210.032"
"USEP","24 Jan 2009","26","90.63","4183.716"
"USEP","24 Jan 2009","27","90.61","4141.014"
"USEP","24 Jan 2009","28","88.45","4121.005"
"USEP","24 Jan 2009","29","88.47","4106.249"
"USEP","24 Jan 2009","30","88.16","4068.770"
"USEP","24 Jan 2009","31","88.48","4027.430"
"USEP","24 Jan 2009","32","88.47","4004.016"
"USEP","24 Jan 2009","33","88.47","3995.617"
"USEP","24 Jan 2009","34","88.47","3996.004"
"USEP","24 Jan 2009","35","86.35","3950.723"
"USEP","24 Jan 2009","36","76.20","3896.927"
"USEP","24 Jan 2009","37","76.20","3898.115"
"USEP","24 Jan 2009","38","89.74","3995.696"
"USEP","24 Jan 2009","39","105.79","4092.765"
"USEP","24 Jan 2009","40","108.77","4110.429"
"USEP","24 Jan 2009","41","105.80","4091.200"
"USEP","24 Jan 2009","42","105.83","4093.143"
"USEP","24 Jan 2009","43","108.65","4097.695"
"USEP","24 Jan 2009","44","108.50","4100.911"
"USEP","24 Jan 2009","45","105.80","4054.596"
"USEP","24 Jan 2009","46","99.83","3944.436"
"USEP","24 Jan 2009","47","92.58","3783.890"
"USEP","24 Jan 2009","48","73.56","3687.844"
"USEP","25 Jan 2009","1","97.91","3614.795"
"USEP","25 Jan 2009","2","113.73","3537.636"
"USEP","25 Jan 2009","3","106.07","3472.902"
"USEP","25 Jan 2009","4","76.14","3409.251"
"USEP","25 Jan 2009","5","75.55","3378.387"
"USEP","25 Jan 2009","6","75.52","3333.111"
"USEP","25 Jan 2009","7","71.49","3269.196"
"USEP","25 Jan 2009","8","70.42","3244.749"
"USEP","25 Jan 2009","9","70.48","3252.915"
"USEP","25 Jan 2009","10","71.48","3259.739"
"USEP","25 Jan 2009","11","73.42","3274.554"
"USEP","25 Jan 2009","12","75.51","3302.963"
"USEP","25 Jan 2009","13","75.52","3334.835"
"USEP","25 Jan 2009","14","75.44","3298.077"
"USEP","25 Jan 2009","15","73.42","3269.559"
"USEP","25 Jan 2009","16","75.54","3425.712"
"USEP","25 Jan 2009","17","109.30","3578.778"
"USEP","25 Jan 2009","18","95.82","3603.170"
"USEP","25 Jan 2009","19","75.52","3570.090"
"USEP","25 Jan 2009","20","75.53","3592.445"
"USEP","25 Jan 2009","21","70.53","3628.393"
"USEP","25 Jan 2009","22","69.50","3634.993"
"USEP","25 Jan 2009","23","69.51","3652.662"
"USEP","25 Jan 2009","24","69.53","3651.822"
"USEP","25 Jan 2009","25","69.31","3640.460"
"USEP","25 Jan 2009","26","71.88","3648.547"
"USEP","25 Jan 2009","27","75.53","3650.038"
"USEP","25 Jan 2009","28","75.56","3661.354"
"USEP","25 Jan 2009","29","75.56","3660.301"
"USEP","25 Jan 2009","30","75.56","3652.006"
"USEP","25 Jan 2009","31","75.53","3620.670"
"USEP","25 Jan 2009","32","75.49","3604.030"
"USEP","25 Jan 2009","33","75.50","3600.402"
"USEP","25 Jan 2009","34","75.50","3598.752"
"USEP","25 Jan 2009","35","75.50","3590.850"
"USEP","25 Jan 2009","36","75.51","3606.918"
"USEP","25 Jan 2009","37","75.55","3662.746"
"USEP","25 Jan 2009","38","77.58","3773.269"
"USEP","25 Jan 2009","39","88.07","3842.078"
"USEP","25 Jan 2009","40","85.50","3819.872"
"USEP","25 Jan 2009","41","76.87","3786.270"
"USEP","25 Jan 2009","42","76.52","3761.301"
"USEP","25 Jan 2009","43","76.03","3777.150"
"USEP","25 Jan 2009","44","75.83","3764.233"
"USEP","25 Jan 2009","45","76.98","3771.002"
"USEP","25 Jan 2009","46","75.61","3717.669"
"USEP","25 Jan 2009","47","71.77","3583.917"
"USEP","25 Jan 2009","48","73.46","3496.345"
"USEP","26 Jan 2009","1","75.60","3487.454"
"USEP","26 Jan 2009","2","75.52","3416.403"
"USEP","26 Jan 2009","3","75.51","3368.263"
"USEP","26 Jan 2009","4","73.43","3341.972"
"USEP","26 Jan 2009","5","71.61","3303.817"
"USEP","26 Jan 2009","6","70.39","3255.976"
"USEP","26 Jan 2009","7","67.81","3205.516"
"USEP","26 Jan 2009","8","67.38","3158.112"
"USEP","26 Jan 2009","9","67.35","3138.739"
"USEP","26 Jan 2009","10","67.35","3136.060"
"USEP","26 Jan 2009","11","67.37","3152.391"
"USEP","26 Jan 2009","12","67.76","3188.235"
"USEP","26 Jan 2009","13","67.99","3220.371"
"USEP","26 Jan 2009","14","67.38","3166.591"
"USEP","26 Jan 2009","15","67.37","3159.364"
"USEP","26 Jan 2009","16","70.48","3271.428"
"USEP","26 Jan 2009","17","75.54","3384.167"
"USEP","26 Jan 2009","18","81.63","3453.539"
"USEP","26 Jan 2009","19","75.57","3465.442"
"USEP","26 Jan 2009","20","96.27","3499.094"
"USEP","26 Jan 2009","21","75.52","3528.944"
"USEP","26 Jan 2009","22","73.37","3546.522"
"USEP","26 Jan 2009","23","73.00","3541.214"
"USEP","26 Jan 2009","24","69.49","3479.154"
"USEP","26 Jan 2009","25","66.42","3411.502"
"USEP","26 Jan 2009","26","66.01","3393.650"
"USEP","26 Jan 2009","27","66.01","3399.246"
"USEP","26 Jan 2009","28","66.00","3393.884"
"USEP","26 Jan 2009","29","65.99","3377.945"
"USEP","26 Jan 2009","30","65.44","3369.859"
"USEP","26 Jan 2009","31","65.26","3365.878"
"USEP","26 Jan 2009","32","66.00","3389.754"
"USEP","26 Jan 2009","33","65.98","3383.556"
"USEP","26 Jan 2009","34","66.38","3406.170"
"USEP","26 Jan 2009","35","66.41","3415.364"
"USEP","26 Jan 2009","36","66.40","3415.354"
"USEP","26 Jan 2009","37","66.45","3432.173"
"USEP","26 Jan 2009","38","72.66","3547.173"
"USEP","26 Jan 2009","39","73.39","3639.799"
"USEP","26 Jan 2009","40","73.39","3629.238"
"USEP","26 Jan 2009","41","73.39","3634.611"
"USEP","26 Jan 2009","42","73.73","3654.441"
"USEP","26 Jan 2009","43","75.51","3665.842"
"USEP","26 Jan 2009","44","73.39","3647.269"
"USEP","26 Jan 2009","45","73.39","3610.178"
"USEP","26 Jan 2009","46","73.32","3581.198"
"USEP","26 Jan 2009","47","72.63","3537.253"
"USEP","26 Jan 2009","48","73.38","3444.160"
"USEP","27 Jan 2009","1","73.55","3377.095"
"USEP","27 Jan 2009","2","73.47","3328.175"
"USEP","27 Jan 2009","3","72.39","3249.774"
"USEP","27 Jan 2009","4","71.48","3184.150"
"USEP","27 Jan 2009","5","70.46","3143.127"
"USEP","27 Jan 2009","6","68.40","3117.522"
"USEP","27 Jan 2009","7","62.76","3078.592"
"USEP","27 Jan 2009","8","57.09","3052.778"
"USEP","27 Jan 2009","9","57.09","3055.660"
"USEP","27 Jan 2009","10","59.72","3069.467"
"USEP","27 Jan 2009","11","65.18","3085.043"
"USEP","27 Jan 2009","12","68.21","3102.816"
"USEP","27 Jan 2009","13","70.46","3136.075"
"USEP","27 Jan 2009","14","70.38","3132.984"
"USEP","27 Jan 2009","15","68.39","3107.522"
"USEP","27 Jan 2009","16","71.47","3161.168"
"USEP","27 Jan 2009","17","72.38","3222.483"
"USEP","27 Jan 2009","18","73.42","3315.273"
"USEP","27 Jan 2009","19","75.54","3415.001"
"USEP","27 Jan 2009","20","75.56","3466.376"
"USEP","27 Jan 2009","21","73.27","3512.771"
"USEP","27 Jan 2009","22","73.31","3549.813"
"USEP","27 Jan 2009","23","73.31","3558.326"
"USEP","27 Jan 2009","24","69.56","3548.535"
"USEP","27 Jan 2009","25","69.63","3552.029"
"USEP","27 Jan 2009","26","69.61","3546.244"
"USEP","27 Jan 2009","27","69.52","3543.188"
"USEP","27 Jan 2009","28","69.56","3538.913"
"USEP","27 Jan 2009","29","69.57","3537.626"
"USEP","27 Jan 2009","30","69.57","3542.363"
"USEP","27 Jan 2009","31","68.18","3536.443"
"USEP","27 Jan 2009","32","68.18","3525.460"
"USEP","27 Jan 2009","33","63.96","3513.780"
"USEP","27 Jan 2009","34","66.52","3510.962"
"USEP","27 Jan 2009","35","66.51","3502.737"
"USEP","27 Jan 2009","36","63.35","3502.786"
"USEP","27 Jan 2009","37","68.79","3541.692"
"USEP","27 Jan 2009","38","69.46","3641.435"
"USEP","27 Jan 2009","39","69.53","3739.105"
"USEP","27 Jan 2009","40","68.42","3792.657"
"USEP","27 Jan 2009","41","66.57","3835.573"
"USEP","27 Jan 2009","42","66.57","3842.829"
"USEP","27 Jan 2009","43","66.54","3823.625"
"USEP","27 Jan 2009","44","66.54","3795.907"
"USEP","27 Jan 2009","45","66.52","3742.857"
"USEP","27 Jan 2009","46","66.04","3681.100"
"USEP","27 Jan 2009","47","63.39","3609.134"
"USEP","27 Jan 2009","48","71.51","3524.351"
"USEP","28 Jan 2009","1","68.44","3430.100"
"USEP","28 Jan 2009","2","64.29","3355.635"
"USEP","28 Jan 2009","3","62.31","3290.115"
"USEP","28 Jan 2009","4","56.38","3234.446"
"USEP","28 Jan 2009","5","56.37","3192.027"
"USEP","28 Jan 2009","6","52.79","3147.735"
"USEP","28 Jan 2009","7","48.99","3106.697"
"USEP","28 Jan 2009","8","48.94","3099.660"
"USEP","28 Jan 2009","9","0.00","3115.554"
"USEP","28 Jan 2009","10","0.00","3147.625"
"USEP","28 Jan 2009","11","56.38","3331.719"
"USEP","28 Jan 2009","12","73.23","3577.764"
"USEP","28 Jan 2009","13","72.85","3600.333"
"USEP","28 Jan 2009","14","64.26","3537.591"
"USEP","28 Jan 2009","15","70.48","3697.218"
"USEP","28 Jan 2009","16","66.02","3922.756"
"USEP","28 Jan 2009","17","70.51","4108.838"
"USEP","28 Jan 2009","18","50.65","4266.511"
"USEP","28 Jan 2009","19","51.28","4404.235"
"USEP","28 Jan 2009","20","50.65","4417.833"
"USEP","28 Jan 2009","21","52.32","4490.693"
"USEP","28 Jan 2009","22","52.85","4519.966"
"USEP","28 Jan 2009","23","52.85","4520.031"
"USEP","28 Jan 2009","24","52.84","4503.580"
"USEP","28 Jan 2009","25","51.37","4479.158"
"USEP","28 Jan 2009","26","51.37","4478.959"
"USEP","28 Jan 2009","27","53.16","4498.889"
"USEP","28 Jan 2009","28","56.39","4535.374"
"USEP","28 Jan 2009","29","52.85","4550.015"
"USEP","28 Jan 2009","30","53.67","4564.970"
"USEP","28 Jan 2009","31","57.77","4569.199"
"USEP","28 Jan 2009","32","64.02","4516.652"
"USEP","28 Jan 2009","33","56.40","4479.521"
"USEP","28 Jan 2009","34","56.40","4460.327"
"USEP","28 Jan 2009","35","53.33","4413.062"
"USEP","28 Jan 2009","36","52.38","4286.824"
"USEP","28 Jan 2009","37","51.30","4196.325"
"USEP","28 Jan 2009","38","52.38","4283.380"
"USEP","28 Jan 2009","39","53.66","4324.288"
"USEP","28 Jan 2009","40","53.66","4323.816"
"USEP","28 Jan 2009","41","52.82","4277.460"
"USEP","28 Jan 2009","42","71.51","4213.646"
"USEP","28 Jan 2009","43","66.04","4153.161"
"USEP","28 Jan 2009","44","64.33","4025.541"
"USEP","28 Jan 2009","45","64.37","3905.863"
"USEP","28 Jan 2009","46","64.26","3751.252"
"USEP","28 Jan 2009","47","63.42","3661.896"
"USEP","28 Jan 2009","48","62.79","3558.321"
"USEP","29 Jan 2009","1","66.39","3495.326"
"USEP","29 Jan 2009","2","64.29","3411.751"
"USEP","29 Jan 2009","3","62.27","3296.745"
"USEP","29 Jan 2009","4","54.09","3236.593"
"USEP","29 Jan 2009","5","52.80","3205.640"
"USEP","29 Jan 2009","6","50.60","3187.594"
"USEP","29 Jan 2009","7","49.97","3158.395"
"USEP","29 Jan 2009","8","49.46","3151.467"
"USEP","29 Jan 2009","9","49.97","3157.501"
"USEP","29 Jan 2009","10","50.59","3180.770"
"USEP","29 Jan 2009","11","56.37","3259.435"
"USEP","29 Jan 2009","12","64.29","3402.328"
"USEP","29 Jan 2009","13","68.51","3540.191"
"USEP","29 Jan 2009","14","73.55","3610.009"
"USEP","29 Jan 2009","15","73.56","3702.213"
"USEP","29 Jan 2009","16","71.51","3929.913"
"USEP","29 Jan 2009","17","73.63","4190.296"
"USEP","29 Jan 2009","18","54.16","4382.481"
"USEP","29 Jan 2009","19","55.02","4453.284"
"USEP","29 Jan 2009","20","52.85","4502.144"
"USEP","29 Jan 2009","21","52.39","4557.977"
"USEP","29 Jan 2009","22","52.39","4601.007"
"USEP","29 Jan 2009","23","52.85","4597.295"
"USEP","29 Jan 2009","24","52.85","4582.668"
"USEP","29 Jan 2009","25","51.35","4504.634"
"USEP","29 Jan 2009","26","51.35","4534.325"
"USEP","29 Jan 2009","27","52.39","4623.785"
"USEP","29 Jan 2009","28","53.69","4666.825"
"USEP","29 Jan 2009","29","56.42","4662.968"
"USEP","29 Jan 2009","30","56.40","4611.907"
"USEP","29 Jan 2009","31","53.69","4596.082"
"USEP","29 Jan 2009","32","54.22","4605.157"
"USEP","29 Jan 2009","33","53.69","4597.513"
"USEP","29 Jan 2009","34","50.88","4559.900"
"USEP","29 Jan 2009","35","50.81","4487.473"
"USEP","29 Jan 2009","36","50.87","4386.293"
"USEP","29 Jan 2009","37","50.87","4333.701"
"USEP","29 Jan 2009","38","63.82","4361.369"
"USEP","29 Jan 2009","39","70.85","4409.036"
"USEP","29 Jan 2009","40","64.66","4405.756"
"USEP","29 Jan 2009","41","64.01","4353.596"
"USEP","29 Jan 2009","42","73.62","4274.632"
"USEP","29 Jan 2009","43","73.31","4206.186"
"USEP","29 Jan 2009","44","66.03","4107.695"
"USEP","29 Jan 2009","45","68.87","3993.127"
"USEP","29 Jan 2009","46","63.79","3848.937"
"USEP","29 Jan 2009","47","62.84","3741.267"
"USEP","29 Jan 2009","48","62.33","3622.782"
"USEP","30 Jan 2009","1","59.76","3497.732"
"USEP","30 Jan 2009","2","54.15","3410.851"
"USEP","30 Jan 2009","3","50.61","3350.983"
"USEP","30 Jan 2009","4","0.00","3286.403"
"USEP","30 Jan 2009","5","0.00","3227.796"
"USEP","30 Jan 2009","6","-5.03","3182.460"
"USEP","30 Jan 2009","7","-5.03","3156.571"
"USEP","30 Jan 2009","8","-0.08","3157.307"
"USEP","30 Jan 2009","9","-0.20","3152.804"
"USEP","30 Jan 2009","10","-0.06","3189.150"
"USEP","30 Jan 2009","11","-0.01","3268.595"
"USEP","30 Jan 2009","12","63.64","3423.092"
"USEP","30 Jan 2009","13","70.48","3534.227"
"USEP","30 Jan 2009","14","74.48","3651.101"
"USEP","30 Jan 2009","15","74.64","3774.069"
"USEP","30 Jan 2009","16","66.03","3993.728"
"USEP","30 Jan 2009","17","73.26","4172.514"
"USEP","30 Jan 2009","18","52.98","4362.785"
"USEP","30 Jan 2009","19","67.75","4586.868"
"USEP","30 Jan 2009","20","71.74","4666.447"
"USEP","30 Jan 2009","21","70.27","4606.494"
"USEP","30 Jan 2009","22","70.65","4634.296"
"USEP","30 Jan 2009","23","74.65","4682.018"
"USEP","30 Jan 2009","24","74.68","4718.379"
"USEP","30 Jan 2009","25","74.65","4702.440"
"USEP","30 Jan 2009","26","74.63","4689.210"
"USEP","30 Jan 2009","27","74.66","4715.695"
"USEP","30 Jan 2009","28","74.66","4740.580"
"USEP","30 Jan 2009","29","74.66","4745.942"
"USEP","30 Jan 2009","30","74.66","4739.288"
"USEP","30 Jan 2009","31","74.66","4740.560"
"USEP","30 Jan 2009","32","74.66","4743.850"
"USEP","30 Jan 2009","33","74.66","4731.664"
"USEP","30 Jan 2009","34","74.62","4693.136"
"USEP","30 Jan 2009","35","73.97","4621.871"
"USEP","30 Jan 2009","36","66.65","4494.028"
"USEP","30 Jan 2009","37","64.01","4397.357"
"USEP","30 Jan 2009","38","71.51","4412.137"
"USEP","30 Jan 2009","39","74.56","4455.943"
"USEP","30 Jan 2009","40","74.56","4459.034"
"USEP","30 Jan 2009","41","73.73","4407.605"
"USEP","30 Jan 2009","42","83.59","4321.534"
"USEP","30 Jan 2009","43","74.56","4228.660"
"USEP","30 Jan 2009","44","71.50","4106.060"
"USEP","30 Jan 2009","45","64.72","4000.890"
"USEP","30 Jan 2009","46","66.69","3893.950"
"USEP","30 Jan 2009","47","68.26","3800.872"
"USEP","30 Jan 2009","48","64.37","3696.676"
"USEP","31 Jan 2009","1","71.49","3585.293"
"USEP","31 Jan 2009","2","73.58","3498.487"
"USEP","31 Jan 2009","3","73.55","3397.268"
"USEP","31 Jan 2009","4","70.48","3351.201"
"USEP","31 Jan 2009","5","73.50","3307.018"
"USEP","31 Jan 2009","6","73.46","3269.992"
"USEP","31 Jan 2009","7","73.45","3235.172"
"USEP","31 Jan 2009","8","66.02","3211.599"
"USEP","31 Jan 2009","9","66.64","3206.818"
"USEP","31 Jan 2009","10","68.40","3225.157"
"USEP","31 Jan 2009","11","68.38","3262.228"
"USEP","31 Jan 2009","12","68.41","3312.440"
"USEP","31 Jan 2009","13","73.49","3364.446"
"USEP","31 Jan 2009","14","73.52","3390.912"
"USEP","31 Jan 2009","15","75.51","3441.834"
"USEP","31 Jan 2009","16","77.75","3600.248"
"USEP","31 Jan 2009","17","70.76","3753.130"
"USEP","31 Jan 2009","18","73.39","3921.275"
"USEP","31 Jan 2009","19","73.53","4047.185"
"USEP","31 Jan 2009","20","84.31","4105.215"
"USEP","31 Jan 2009","21","94.47","4204.292"
"USEP","31 Jan 2009","22","105.89","4258.351"
"USEP","31 Jan 2009","23","105.58","4269.846"
"USEP","31 Jan 2009","24","101.13","4239.619"
"USEP","31 Jan 2009","25","95.63","4211.136"
"USEP","31 Jan 2009","26","93.06","4194.108"
"USEP","31 Jan 2009","27","91.89","4160.705"
"USEP","31 Jan 2009","28","89.39","4126.462"
"USEP","31 Jan 2009","29","89.38","4105.121"
"USEP","31 Jan 2009","30","76.63","4074.336"
"USEP","31 Jan 2009","31","73.78","4037.807"
"USEP","31 Jan 2009","32","76.19","3995.885"
"USEP","31 Jan 2009","33","73.81","3981.253"
"USEP","31 Jan 2009","34","73.21","3939.883"
"USEP","31 Jan 2009","35","76.19","3910.530"
"USEP","31 Jan 2009","36","96.47","3899.671"
"USEP","31 Jan 2009","37","103.49","3914.939"
"USEP","31 Jan 2009","38","99.85","3984.280"
"USEP","31 Jan 2009","39","112.51","4030.153"
"USEP","31 Jan 2009","40","135.92","4048.125"
"USEP","31 Jan 2009","41","200.98","4064.784"
"USEP","31 Jan 2009","42","260.92","4077.249"
"USEP","31 Jan 2009","43","145.86","4051.360"
"USEP","31 Jan 2009","44","99.03","3976.840"
"USEP","31 Jan 2009","45","76.13","3884.144"
"USEP","31 Jan 2009","46","73.54","3808.715"
"USEP","31 Jan 2009","47","73.06","3728.852"
"USEP","31 Jan 2009","48","70.55","3651.658"
